City,County
Grand Mound,Clinton
Leon,Decatur
Muscatine,Muscatine
Bettendorf,Scott
Lovilia,Monroe
Spirit Lake,Dickinson
Carter Lake,Pottawattamie
West Des Moines,Polk
Princeton,Scott
Mitchellville,Polk
Sioux City,Woodbury
Centerville,Appanoose
Fort Dodge,Webster
Corydon,Wayne
Perry,Dallas
Stuart,Guthrie
Coralville,Johnson
Wesley,Kossuth
Story City,Story
Kingsley,Plymouth
Spencer,Clay
Waterloo,Black Hawk
Hampton,Franklin
Chariton,Lucas
Storm Lake,Buena Vista
Mlk,
Vinton,Benton
Audubon,Audubon
Indianola,Warren
Emmetsburg,Palo Alto
Cedar Rapids,Linn
Ankeny,Polk
Woodbine,Harrison
Pella,Marion
Otumwa,Wapello
Clarion,Wright
Hospers,Sioux
Center Point,Linn
Atlantic,Cass
Norwalk,Warren
Dewitt,Clinton
Alburnett,Linn
Boone,Boone
Jefferson,Greene
Waukee,Dallas
Columbus Junction,Louisa
Adel,Dallas
St. Ansgar,Mitchell
Dunlap,Harrison
North Liberty,Johnson
Glenwood,Mills
Marshalltown,Marshall
Iowa Falls,Hardin
Humbolt,Humboldt
North English,Iowa
Urbandale,Polk
Van Meter,Dallas
Rockwell,Cerro Gordo
Estherville,Emmet
Albert City,Buena Vista
Casey,Guthrie
Wilton,Muscatine
Cresco,Howard
Council Bluffs,Pottawattamie
Cedar Falls,Black Hawk
Humboldt,Humboldt
Paullina,O'Brien
Newton,Jasper
Dubuque,Dubuque
Ft Dodg,Webster
Clear Lake,Cerro Gordo
Larchwood,Lyon
Webster City,Hamilton
Onawa,Monona
Corning,Adams
Springville,Linn
Osceola,Clarke
Northwood,Worth
Reinbeck,Grundy
Guttenberg,Clayton
Clinton,Clinton
Humest,Wayne
Winthrop,Buchanan
Atkins,Benton
Central City,Linn
Missouri Valey,Harrison
Manson,Calhoun
Runnells,Polk
Marion,Linn
Windsor Heights,Polk
Ackley,Hardin
Anita,Cass
Belmond,Wright
Missouri Valley,Harrison
Marsha,Marshall
Anamosa,Jones
Anthon,Woodbury
Clarinda,Page
Des Moines,Polk
Algona,Kossuth
State Ankeny,Polk
4Th St Waukee,Dallas
Ottumwa,Wapello
Sigourney,Keokuk
Moravia,Appanoose
Sully,Jasper
Seymour,Wayne
Mason City,Cerro Gordo
Lafayette / Waterloo,Black Hawk
West Dsm,Polk
Ames,Story
Waverly,Bremer
Davenport,Scott
Robins,Linn
Brooklyn,Poweshiek
Urband,Polk
West Branch,Cedar
Stanton,Montgomery
Lemars,Plymouth
Arnolds Park,Dickinson
Iowa City,Johnson
Sac City,Sac
Dumont,Butler
Evansdale,Black Hawk
Harlan,Shelby
Rock Valley,Sioux
Mount Ayr,Ringgold
Pleasantville,Marion
Forest City,Winnebago
Altoona,Polk
Lawler,Chickasaw
Tabor,Fremont
